<?xml version="1.0" encoding="UTF-8"?>
<project-private xmlns="http://www.netbeans.org/ns/project-private/1">
    <editor-bookmarks xmlns="http://www.netbeans.org/ns/editor-bookmarks/2" lastBookmarkId="12">
        <file>
            <url>src/myMedsPage.java</url>
            <bookmark id="12">
                <name/>
                <line>5645</line>
                <key/>
            </bookmark>
        </file>
    </editor-bookmarks>
    <open-files xmlns="http://www.netbeans.org/ns/projectui-open-files/2">
        <group>
            <file>file:/C:/Users/emily/OneDrive/Documents/NetBeansProjects/MedReminder/src/myMedsPage.java</file>
        </group>
    </open-files>
</project-private>
